Model,RMSE,R2,MAE
elnet,9.413262213,0.609118442,6.606132428
elnet2,9.409802431,0.609323114,6.603288422
ridge,9.380322984,0.611884346,6.592091553
ridge2,9.670667159,0.589617532,6.82706462
lasso,9.41232922,0.609177382,6.605362232
lasso2,9.415901222,0.608972952,6.60758021
knn,7.92238715,0.723210596,5.11028083
enet.ch,7.390286092,0.739273551,4.395917647
ridge.ch,7.655796529,0.72212412,5.096029682
lasso.ch,7.393268497,0.739071909,4.385532564
knn.ch,7.953459386,0.700403255,5.248471068
